--
-- PostgreSQL database dump
--

-- Dumped from database version 14.1
-- Dumped by pg_dump version 14.1

SET statement_timeout = 0;
SET lock_timeout = 0;
SET idle_in_transaction_session_timeout = 0;
SET client_encoding = 'UTF8';
SET standard_conforming_strings = on;
SELECT pg_catalog.set_config('search_path', '', false);
SET check_function_bodies = false;
SET xmloption = content;
SET client_min_messages = warning;
SET row_security = off;

SET default_tablespace = '';

SET default_table_access_method = heap;

--
-- Name: AspNetRoleClaims; Type: TABLE; Schema: public; Owner: postgres
--

CREATE TABLE public."AspNetRoleClaims" (
    "Id" integer NOT NULL,
    "RoleId" integer NOT NULL,
    "ClaimType" text,
    "ClaimValue" text
);


ALTER TABLE public."AspNetRoleClaims" OWNER TO postgres;

--
-- Name: AspNetRoleClaims_Id_seq; Type: SEQUENCE; Schema: public; Owner: postgres
--

ALTER TABLE public."AspNetRoleClaims" ALTER COLUMN "Id" ADD GENERATED BY DEFAULT AS IDENTITY (
    SEQUENCE NAME public."AspNetRoleClaims_Id_seq"
    START WITH 1
    INCREMENT BY 1
    NO MINVALUE
    NO MAXVALUE
    CACHE 1
);


--
-- Name: AspNetRoles; Type: TABLE; Schema: public; Owner: postgres
--

CREATE TABLE public."AspNetRoles" (
    "Id" integer NOT NULL,
    "Name" character varying(256),
    "NormalizedName" character varying(256),
    "ConcurrencyStamp" text
);


ALTER TABLE public."AspNetRoles" OWNER TO postgres;

--
-- Name: AspNetRoles_Id_seq; Type: SEQUENCE; Schema: public; Owner: postgres
--

ALTER TABLE public."AspNetRoles" ALTER COLUMN "Id" ADD GENERATED BY DEFAULT AS IDENTITY (
    SEQUENCE NAME public."AspNetRoles_Id_seq"
    START WITH 1
    INCREMENT BY 1
    NO MINVALUE
    NO MAXVALUE
    CACHE 1
);


--
-- Name: AspNetUserClaims; Type: TABLE; Schema: public; Owner: postgres
--

CREATE TABLE public."AspNetUserClaims" (
    "Id" integer NOT NULL,
    "UserId" integer NOT NULL,
    "ClaimType" text,
    "ClaimValue" text
);


ALTER TABLE public."AspNetUserClaims" OWNER TO postgres;

--
-- Name: AspNetUserClaims_Id_seq; Type: SEQUENCE; Schema: public; Owner: postgres
--

ALTER TABLE public."AspNetUserClaims" ALTER COLUMN "Id" ADD GENERATED BY DEFAULT AS IDENTITY (
    SEQUENCE NAME public."AspNetUserClaims_Id_seq"
    START WITH 1
    INCREMENT BY 1
    NO MINVALUE
    NO MAXVALUE
    CACHE 1
);


--
-- Name: AspNetUserLogins; Type: TABLE; Schema: public; Owner: postgres
--

CREATE TABLE public."AspNetUserLogins" (
    "LoginProvider" text NOT NULL,
    "ProviderKey" text NOT NULL,
    "ProviderDisplayName" text,
    "UserId" integer NOT NULL
);


ALTER TABLE public."AspNetUserLogins" OWNER TO postgres;

--
-- Name: AspNetUserRoles; Type: TABLE; Schema: public; Owner: postgres
--

CREATE TABLE public."AspNetUserRoles" (
    "UserId" integer NOT NULL,
    "RoleId" integer NOT NULL
);


ALTER TABLE public."AspNetUserRoles" OWNER TO postgres;

--
-- Name: AspNetUserTokens; Type: TABLE; Schema: public; Owner: postgres
--

CREATE TABLE public."AspNetUserTokens" (
    "UserId" integer NOT NULL,
    "LoginProvider" text NOT NULL,
    "Name" text NOT NULL,
    "Value" text
);


ALTER TABLE public."AspNetUserTokens" OWNER TO postgres;

--
-- Name: AspNetUsers; Type: TABLE; Schema: public; Owner: postgres
--

CREATE TABLE public."AspNetUsers" (
    "Id" integer NOT NULL,
    "UserID" integer NOT NULL,
    "Name" text,
    "Role" text,
    "UserName" character varying(256),
    "NormalizedUserName" character varying(256),
    "Email" character varying(256),
    "NormalizedEmail" character varying(256),
    "EmailConfirmed" boolean NOT NULL,
    "PasswordHash" text,
    "SecurityStamp" text,
    "ConcurrencyStamp" text,
    "PhoneNumber" text,
    "PhoneNumberConfirmed" boolean NOT NULL,
    "TwoFactorEnabled" boolean NOT NULL,
    "LockoutEnd" timestamp with time zone,
    "LockoutEnabled" boolean NOT NULL,
    "AccessFailedCount" integer NOT NULL
);


ALTER TABLE public."AspNetUsers" OWNER TO postgres;

--
-- Name: AspNetUsers_Id_seq; Type: SEQUENCE; Schema: public; Owner: postgres
--

ALTER TABLE public."AspNetUsers" ALTER COLUMN "Id" ADD GENERATED BY DEFAULT AS IDENTITY (
    SEQUENCE NAME public."AspNetUsers_Id_seq"
    START WITH 1
    INCREMENT BY 1
    NO MINVALUE
    NO MAXVALUE
    CACHE 1
);


--
-- Name: AspNetUsers_UserID_seq; Type: SEQUENCE; Schema: public; Owner: postgres
--

ALTER TABLE public."AspNetUsers" ALTER COLUMN "UserID" ADD GENERATED BY DEFAULT AS IDENTITY (
    SEQUENCE NAME public."AspNetUsers_UserID_seq"
    START WITH 1
    INCREMENT BY 1
    NO MINVALUE
    NO MAXVALUE
    CACHE 1
);


--
-- Name: event; Type: TABLE; Schema: public; Owner: postgres
--

CREATE TABLE public.event (
    "EventID" integer NOT NULL,
    "Name" text,
    "Description" text,
    "Image" text,
    "Coordinates" text,
    "OpenTime" text,
    "CloseTime" text,
    "BusinessPartnerID" integer NOT NULL
);


ALTER TABLE public.event OWNER TO postgres;

--
-- Name: eventRating; Type: TABLE; Schema: public; Owner: postgres
--

CREATE TABLE public."eventRating" (
    "EventRatingID" integer NOT NULL,
    "Score" double precision NOT NULL,
    "ScoreDate" timestamp without time zone NOT NULL,
    "VisitorID" integer NOT NULL,
    "EventID" integer NOT NULL
);


ALTER TABLE public."eventRating" OWNER TO postgres;

--
-- Name: eventRating_EventRatingID_seq; Type: SEQUENCE; Schema: public; Owner: postgres
--

ALTER TABLE public."eventRating" ALTER COLUMN "EventRatingID" ADD GENERATED BY DEFAULT AS IDENTITY (
    SEQUENCE NAME public."eventRating_EventRatingID_seq"
    START WITH 1
    INCREMENT BY 1
    NO MINVALUE
    NO MAXVALUE
    CACHE 1
);


--
-- Name: event_EventID_seq; Type: SEQUENCE; Schema: public; Owner: postgres
--

ALTER TABLE public.event ALTER COLUMN "EventID" ADD GENERATED BY DEFAULT AS IDENTITY (
    SEQUENCE NAME public."event_EventID_seq"
    START WITH 1
    INCREMENT BY 1
    NO MINVALUE
    NO MAXVALUE
    CACHE 1
);


--
-- Name: historyLocation; Type: TABLE; Schema: public; Owner: postgres
--

CREATE TABLE public."historyLocation" (
    "HistoryLocationID" integer NOT NULL,
    "Came" boolean NOT NULL,
    "CameOut" boolean NOT NULL,
    "ActionTime" timestamp without time zone NOT NULL,
    "LocationID" integer NOT NULL,
    "VisitorID" integer NOT NULL
);


ALTER TABLE public."historyLocation" OWNER TO postgres;

--
-- Name: historyLocation_HistoryLocationID_seq; Type: SEQUENCE; Schema: public; Owner: postgres
--

ALTER TABLE public."historyLocation" ALTER COLUMN "HistoryLocationID" ADD GENERATED BY DEFAULT AS IDENTITY (
    SEQUENCE NAME public."historyLocation_HistoryLocationID_seq"
    START WITH 1
    INCREMENT BY 1
    NO MINVALUE
    NO MAXVALUE
    CACHE 1
);


--
-- Name: item; Type: TABLE; Schema: public; Owner: postgres
--

CREATE TABLE public.item (
    "ItemID" integer NOT NULL,
    "Name" text,
    "Description" text,
    "Image" text,
    "Link" text,
    "LocationID" integer NOT NULL
);


ALTER TABLE public.item OWNER TO postgres;

--
-- Name: item_ItemID_seq; Type: SEQUENCE; Schema: public; Owner: postgres
--

ALTER TABLE public.item ALTER COLUMN "ItemID" ADD GENERATED BY DEFAULT AS IDENTITY (
    SEQUENCE NAME public."item_ItemID_seq"
    START WITH 1
    INCREMENT BY 1
    NO MINVALUE
    NO MAXVALUE
    CACHE 1
);


--
-- Name: location; Type: TABLE; Schema: public; Owner: postgres
--

CREATE TABLE public.location (
    "LocationID" integer NOT NULL,
    "Name" text,
    "Description" text,
    "State" text,
    "EventID" integer NOT NULL
);


ALTER TABLE public.location OWNER TO postgres;

--
-- Name: location_LocationID_seq; Type: SEQUENCE; Schema: public; Owner: postgres
--

ALTER TABLE public.location ALTER COLUMN "LocationID" ADD GENERATED BY DEFAULT AS IDENTITY (
    SEQUENCE NAME public."location_LocationID_seq"
    START WITH 1
    INCREMENT BY 1
    NO MINVALUE
    NO MAXVALUE
    CACHE 1
);


--
-- Data for Name: AspNetRoleClaims; Type: TABLE DATA; Schema: public; Owner: postgres
--

COPY public."AspNetRoleClaims" ("Id", "RoleId", "ClaimType", "ClaimValue") FROM stdin;
\.


--
-- Data for Name: AspNetRoles; Type: TABLE DATA; Schema: public; Owner: postgres
--

COPY public."AspNetRoles" ("Id", "Name", "NormalizedName", "ConcurrencyStamp") FROM stdin;
1	Administrator	ADMINISTRATOR	45c4726b-b35c-4fdc-87ba-5fc5b985481c
2	Visitor	VISITOR	5e6025c6-3cbb-4ebc-94be-cf0ce37d50c8
3	BusinessPartner	BUSINESSPARTNER	c155d8e7-7ac5-435d-96f7-4cc2cd9302fb
\.


--
-- Data for Name: AspNetUserClaims; Type: TABLE DATA; Schema: public; Owner: postgres
--

COPY public."AspNetUserClaims" ("Id", "UserId", "ClaimType", "ClaimValue") FROM stdin;
\.


--
-- Data for Name: AspNetUserLogins; Type: TABLE DATA; Schema: public; Owner: postgres
--

COPY public."AspNetUserLogins" ("LoginProvider", "ProviderKey", "ProviderDisplayName", "UserId") FROM stdin;
\.


--
-- Data for Name: AspNetUserRoles; Type: TABLE DATA; Schema: public; Owner: postgres
--

COPY public."AspNetUserRoles" ("UserId", "RoleId") FROM stdin;
4	3
5	2
6	2
7	1
10	3
11	2
12	2
13	2
14	2
17	2
25	2
26	2
27	3
28	2
\.


--
-- Data for Name: AspNetUserTokens; Type: TABLE DATA; Schema: public; Owner: postgres
--

COPY public."AspNetUserTokens" ("UserId", "LoginProvider", "Name", "Value") FROM stdin;
\.


--
-- Data for Name: AspNetUsers; Type: TABLE DATA; Schema: public; Owner: postgres
--

COPY public."AspNetUsers" ("Id", "UserID", "Name", "Role", "UserName", "NormalizedUserName", "Email", "NormalizedEmail", "EmailConfirmed", "PasswordHash", "SecurityStamp", "ConcurrencyStamp", "PhoneNumber", "PhoneNumberConfirmed", "TwoFactorEnabled", "LockoutEnd", "LockoutEnabled", "AccessFailedCount") FROM stdin;
25	25	ivanov323	Visitor	ivanov323	IVANOV323	ivanov323@gmail.com	IVANOV323@GMAIL.COM	f	AQAAAAEAACcQAAAAEAoW4jNkmeIEoWy2mpYb7u7pkNaCl1acddIoyJMMrHlYnHvMqhfLwSy4WWJ3I9xLmQ==	FVFYLQPHNH5AT7ZXZ2RZSEVX5HMI2UXD	999a02f5-445d-4679-a011-4ae24956fb44	\N	f	f	\N	t	0
6	6	visitor1	Visitor	visitor1	VISITOR1	visitor1@gmail.com	VISITOR1@GMAIL.COM	f	AQAAAAEAACcQAAAAEKjUwKumPxExorwjyQEZcjXJWfzQF0JZh8NqVvcrkLeDk3huE3WZtO07XNR6GxXbgw==	AZM2SBXDN5P6LYN7ACIQOZSSPCQAQ733	d43a2858-9dfb-4b7c-bfc9-2a5436e7975b	\N	f	f	\N	t	0
7	7	admin	Administrator	admin	ADMIN	admin@gmail.com	ADMIN@GMAIL.COM	f	AQAAAAEAACcQAAAAEAw8CNgUUd76WmxM/FbaFcCda8gTBS6u8tdTq+zt06eR2pcnKR8HCULy08zX8LIZmQ==	ZCTSOCYXHVTPY2DZEVZW2Y76E4LVDJQX	d978b182-b7b5-4823-af36-b0282d7a941c	\N	f	f	\N	t	0
5	5	visitor	Visitor	visitor	VISITOR	visitor@gmail.com	VISITOR@GMAIL.COM	f	AQAAAAEAACcQAAAAEL8SqEDJ5Y9WDrmsxSi/NjbEVoM62Ldj6qoZlSQGn9bD2ZKu2C7AC1niJaNElLCIAw==	AUE4S7GYLSQKLTDKBN5ETQ5HHDERWEVE	d48794ed-3b1c-43b2-8e4d-13b658cff3cd	\N	f	f	\N	t	0
14	14	Nikolay	Visitor	Nikolay	NIKOLAY	visitor35@gmail.com	VISITOR35@GMAIL.COM	f	AQAAAAEAACcQAAAAEBYrbkjTm2l/KdCAdjygDSGZ4T1wrb6xXLYAcNElewmn3aNiIAbfVEavZ1UCC5eKPA==	NHOTBRAHDONQ5IGJUD56T5RMFGIOHVQ2	763aae6f-ed3c-4fff-9977-6d2bf64f0a77	\N	f	f	\N	t	0
10	10	partner335	BusinessPartner	partner334	PARTNER334	partner334@gmail.com	PARTNER334@GMAIL.COM	f	AQAAAAEAACcQAAAAEAKNjxQI5MXa0Gs6z3AwMuoysQobD0Tf+9Kg/n3NRPTLokIC2MScK3lSuO1BRyzOwg==	O5JYG52AMC4A2CPHFRC7FMWRZ75E6HIX	1cca9c3e-24ea-49ef-a960-d8dd423b601f	\N	f	f	\N	t	0
11	11	test1	Visitor	test1	TEST1	test1@gmail.com	TEST1@GMAIL.COM	f	AQAAAAEAACcQAAAAENJYBEcmPNMx3FKxmHb99DOoJx51TlL7lhzIRMCQf+d5JR8r6DIZP7kloYIuPQg8Nw==	YDEAUYR5LYTRWW3VPK5KHFWUIWQMRQFD	1287285e-bd1c-4a9d-a7d0-99e8d3f51a00	\N	f	f	\N	t	0
4	4	partner	BusinessPartner	partner	PARTNER	partner@gmail.com	PARTNER@GMAIL.COM	f	AQAAAAEAACcQAAAAEFrcu6NOOgCVBUxSZfRpTTk1r8D4eAP+I6TpYSnW23qn/X1C5hUNqsvF8tnDbtgLMg==	MCX2MTPPDUJZYOOMSHLPIZFEJF5PJFAP	530121e2-94c0-44cc-9b89-e6562aa0dbe4	\N	f	f	\N	t	0
12	12	visitor123	Visitor	visitor123	VISITOR123	visitor123@gmail.com	VISITOR123@GMAIL.COM	f	AQAAAAEAACcQAAAAECeWxPfMz+N8zAa2vJDlziGRp4EPQFWHI0WozKMvE4v86yVAdLWoSoolm8+9i8pgxA==	WRZQ5KEZUHNWYQMK4J3MPOTBBO64UCP6	dea686ab-3a16-4ae8-a7ab-f598c8bbdfb3	\N	f	f	\N	t	0
13	13	visitor1234	Visitor	visitor1234	VISITOR1234	visitor1234@gmail.com	VISITOR1234@GMAIL.COM	f	AQAAAAEAACcQAAAAEH4Oz2wKr1idBex0OPC0DqLePWzhp4myxX5D5nHSQoZVl/jJ8XZN/yi8F3R+OzkV2w==	3QKBOPBYAXBXSI5KEIPQRLSULP3Z45BF	dced5908-cd4b-412c-beca-a2bcd84c5e7e	\N	f	f	\N	t	0
17	17	ivanov321	Visitor	ivanov321	IVANOV321	ivanov321@gmail.com	IVANOV321@GMAIL.COM	f	AQAAAAEAACcQAAAAEGOFOGdhKY2H9lP/ZA52Qib4Tg39YBRI0lnsCGxvSyiVGFg79F1Do9R0JEpbl8SBgQ==	CNL3DBKWQWZR5LN2IUWOB7CC5QMNB4JG	cd6f2a1f-84a9-4596-8f42-bcacf3d9091e	\N	f	f	\N	t	0
26	26	visitor455w12	Visitor	visitor455w	VISITOR455W	visitor555w@gmail.com	VISITOR555W@GMAIL.COM	f	AQAAAAEAACcQAAAAEO4XIDGVCCzf8+J6g5WME5O0+h/q8RyRsUPK1NPo4QHIiES444ecpinLNdzTIF1tvA==	XBHYG6NOCHARJSNOMF4EMFH72H7PLTFY	9bffacb0-c7fe-42be-8730-4446f1efff2a	\N	f	f	\N	t	0
27	27	partner11	BusinessPartner	partner11	PARTNER11	partner11@gmail.com	PARTNER11@GMAIL.COM	f	AQAAAAEAACcQAAAAEK6j5JdCznT420faAlhSWhNDJotVXBiTwF0fBQNT9eWrbDUnos6FFshZgWnpAkKY8g==	CF6TML5B6TTXBDJUOZP3XCXIXH6DMEZI	e3ecdea0-f5f8-4790-977c-de94d05c4a8b	\N	f	f	\N	t	0
28	28	visitor112	Visitor	visitor112	VISITOR112	visitor112@gmail.com	VISITOR112@GMAIL.COM	f	AQAAAAEAACcQAAAAEHmyH8Mo5PqNMi6plqnX+nXt4rwA1yMal9P98/XgplsN+PGIdRna/ACcrFSctnb3Cg==	JTWPEQD4JMFRXAUUPNCSPVBMTCPKAAA6	e8b588cb-aead-4a05-b969-275bdf355389	\N	f	f	\N	t	0
\.


--
-- Data for Name: event; Type: TABLE DATA; Schema: public; Owner: postgres
--

COPY public.event ("EventID", "Name", "Description", "Image", "Coordinates", "OpenTime", "CloseTime", "BusinessPartnerID") FROM stdin;
2	Modern Art Village	Descraption Lorem ipsum dolor sit amet, consectetur adipiscing elit. Donec tincidunt tristique libero. Maecenas tempus, leo nec lacinia consectetur, nibh tortor.	https://i.ibb.co/h2v2v9p/8783444ef27c6c98135349a5e76f2f93.jpg	50.00018373777252,36.23087726360258	10:00	18:30	4
5	Kharkiv Expo 2021	The theme of the Expo is "Connecting Minds, Creating the Future". The expo will also have three subthemes: opportunity, mobility and ustainability, each with its own avilion. Mission Possible - The Opportunity Pavilion is designed by AGi rchitects,Alif - The Mobility Pavilion by Foster and Partners,and Terra - The Sustainability Pavilion by Grimshaw Architects.	https://i.ibb.co/LPBqcry/The-Mobility-Pavilion-700x420.jpg	50.00601837463451,36.24062281320569	10:00	18:00	4
6	First Event1	Description	https://i.ibb.co/CMLSCbG/event.jpg	50.002956661791934,36.22860607590119	10:00	18:30	10
7	event_133	desc_1	img_1	coord_1	7:00	18:00	27
\.


--
-- Data for Name: eventRating; Type: TABLE DATA; Schema: public; Owner: postgres
--

COPY public."eventRating" ("EventRatingID", "Score", "ScoreDate", "VisitorID", "EventID") FROM stdin;
1	4.5	2021-12-17 10:26:14.261095	5	2
2	4	2021-12-17 10:26:28.207315	5	5
3	4.5	2021-12-17 10:26:58.523499	25	5
4	5	2021-12-17 10:27:03.107874	25	2
5	4.75	2022-05-02 22:50:14.311293	6	7
6	3.5	2022-05-02 22:50:56.54887	5	7
7	5	2022-05-03 15:48:18.523446	28	7
\.


--
-- Data for Name: historyLocation; Type: TABLE DATA; Schema: public; Owner: postgres
--

COPY public."historyLocation" ("HistoryLocationID", "Came", "CameOut", "ActionTime", "LocationID", "VisitorID") FROM stdin;
1	t	t	2021-12-03 20:32:04.670301	5	5
2	t	t	2021-12-03 20:32:22.785969	6	5
3	t	t	2021-12-03 20:32:41.531492	7	5
4	t	t	2021-12-03 20:33:32.1903	5	6
5	t	t	2021-12-03 20:33:54.787408	7	6
6	t	t	2021-12-03 23:51:05.987911	8	6
7	t	t	2021-12-03 23:51:37.291503	9	6
8	t	t	2021-12-03 23:51:52.811413	10	6
9	t	t	2021-12-03 23:53:36.684886	10	5
10	t	t	2021-12-04 00:22:51.475618	8	5
11	t	t	2021-12-04 00:23:27.20909	9	5
12	t	t	2021-12-04 00:23:45.842282	9	5
13	t	t	2021-12-18 18:13:50.407442	5	25
14	t	t	2021-12-20 23:56:03.697068	5	5
15	t	t	2021-12-20 23:58:28.827865	9	12
16	t	t	2021-12-20 23:58:38.491126	9	12
17	t	t	2021-12-21 16:24:54.696605	5	6
18	t	t	2021-12-21 18:31:56.161461	5	5
19	t	t	2022-05-02 22:47:28.726647	13	5
20	t	t	2022-05-02 22:47:32.640497	14	5
21	t	t	2022-05-02 22:48:02.378483	14	5
22	t	t	2022-05-02 22:48:05.19893	14	6
23	t	t	2022-05-02 22:48:08.304323	13	6
\.


--
-- Data for Name: item; Type: TABLE DATA; Schema: public; Owner: postgres
--

COPY public.item ("ItemID", "Name", "Description", "Image", "Link", "LocationID") FROM stdin;
3	Mona Lisa	The Mona Lisa is a half-length portrait painting by Italian artist Leonardo da Vinci. Considered an archetypal masterpiece of the Italian Renaissance, it has been described as "the best known, the most visited, the most written about, the most sung about, the most parodied work of art in the world". The painting's novel qualities include the subject's enigmatic expression, the monumentality of the composition, the subtle modelling of forms, and the atmospheric illusionism.	https://i.ibb.co/MNjNbpX/250px-Mona-Lisa-by-Leonardo-da-Vinci-from-C2-RMF-retouched.jpg	https://www.youtube.com/watch?v=T9JvUDrrXmY	5
4	First Item1	Description	https://i.ibb.co/p3mH1xm/loc.jpg	link	11
6	Picture of the sea	Description of the sea	\N		5
\.


--
-- Data for Name: location; Type: TABLE DATA; Schema: public; Owner: postgres
--

COPY public.location ("LocationID", "Name", "Description", "State", "EventID") FROM stdin;
5	First Location	Descraption Lorem ipsum dolor sit amet, consectetur adipiscing elit. Donec tincidunt tristique libero. Maecenas tempus, leo nec lacinia consectetur, nibh tortor.	open	2
6	Second Location	Descraption Lorem ipsum dolor sit amet, consectetur adipiscing elit. Donec tincidunt tristique libero. Maecenas tempus, leo nec lacinia consectetur, nibh tortor.	close	2
7	Third Location	Descraption Lorem ipsum dolor sit amet, consectetur adipiscing elit. Donec tincidunt tristique libero. Maecenas tempus, leo nec lacinia consectetur, nibh tortor.	open	2
8	First Pavillion	Descraption Lorem ipsum dolor sit amet, consectetur adipiscing elit. Donec tincidunt tristique libero. Maecenas tempus, leo nec lacinia consectetur, nibh tortor.	open	5
9	Second Pavillion	Descraption Lorem ipsum dolor sit amet, consectetur adipiscing elit. Donec tincidunt tristique libero. Maecenas tempus, leo nec lacinia consectetur, nibh tortor.	open	5
10	Third Pavillion	Descraption Lorem ipsum dolor sit amet, consectetur adipiscing elit. Donec tincidunt tristique libero. Maecenas tempus, leo nec lacinia consectetur, nibh tortor.	open	5
11	First Location	Description	open	6
12	Second Location	Description	close	6
13	location_1	location_1	open	7
14	location_2	location_2	open	7
\.


--
-- Name: AspNetRoleClaims_Id_seq; Type: SEQUENCE SET; Schema: public; Owner: postgres
--

SELECT pg_catalog.setval('public."AspNetRoleClaims_Id_seq"', 1, false);


--
-- Name: AspNetRoles_Id_seq; Type: SEQUENCE SET; Schema: public; Owner: postgres
--

SELECT pg_catalog.setval('public."AspNetRoles_Id_seq"', 3, true);


--
-- Name: AspNetUserClaims_Id_seq; Type: SEQUENCE SET; Schema: public; Owner: postgres
--

SELECT pg_catalog.setval('public."AspNetUserClaims_Id_seq"', 1, false);


--
-- Name: AspNetUsers_Id_seq; Type: SEQUENCE SET; Schema: public; Owner: postgres
--

SELECT pg_catalog.setval('public."AspNetUsers_Id_seq"', 28, true);


--
-- Name: AspNetUsers_UserID_seq; Type: SEQUENCE SET; Schema: public; Owner: postgres
--

SELECT pg_catalog.setval('public."AspNetUsers_UserID_seq"', 28, true);


--
-- Name: eventRating_EventRatingID_seq; Type: SEQUENCE SET; Schema: public; Owner: postgres
--

SELECT pg_catalog.setval('public."eventRating_EventRatingID_seq"', 7, true);


--
-- Name: event_EventID_seq; Type: SEQUENCE SET; Schema: public; Owner: postgres
--

SELECT pg_catalog.setval('public."event_EventID_seq"', 7, true);


--
-- Name: historyLocation_HistoryLocationID_seq; Type: SEQUENCE SET; Schema: public; Owner: postgres
--

SELECT pg_catalog.setval('public."historyLocation_HistoryLocationID_seq"', 23, true);


--
-- Name: item_ItemID_seq; Type: SEQUENCE SET; Schema: public; Owner: postgres
--

SELECT pg_catalog.setval('public."item_ItemID_seq"', 6, true);


--
-- Name: location_LocationID_seq; Type: SEQUENCE SET; Schema: public; Owner: postgres
--

SELECT pg_catalog.setval('public."location_LocationID_seq"', 14, true);


--
-- Name: AspNetRoleClaims PK_AspNetRoleClaims; Type: CONSTRAINT; Schema: public; Owner: postgres
--

ALTER TABLE ONLY public."AspNetRoleClaims"
    ADD CONSTRAINT "PK_AspNetRoleClaims" PRIMARY KEY ("Id");


--
-- Name: AspNetRoles PK_AspNetRoles; Type: CONSTRAINT; Schema: public; Owner: postgres
--

ALTER TABLE ONLY public."AspNetRoles"
    ADD CONSTRAINT "PK_AspNetRoles" PRIMARY KEY ("Id");


--
-- Name: AspNetUserClaims PK_AspNetUserClaims; Type: CONSTRAINT; Schema: public; Owner: postgres
--

ALTER TABLE ONLY public."AspNetUserClaims"
    ADD CONSTRAINT "PK_AspNetUserClaims" PRIMARY KEY ("Id");


--
-- Name: AspNetUserLogins PK_AspNetUserLogins; Type: CONSTRAINT; Schema: public; Owner: postgres
--

ALTER TABLE ONLY public."AspNetUserLogins"
    ADD CONSTRAINT "PK_AspNetUserLogins" PRIMARY KEY ("LoginProvider", "ProviderKey");


--
-- Name: AspNetUserRoles PK_AspNetUserRoles; Type: CONSTRAINT; Schema: public; Owner: postgres
--

ALTER TABLE ONLY public."AspNetUserRoles"
    ADD CONSTRAINT "PK_AspNetUserRoles" PRIMARY KEY ("UserId", "RoleId");


--
-- Name: AspNetUserTokens PK_AspNetUserTokens; Type: CONSTRAINT; Schema: public; Owner: postgres
--

ALTER TABLE ONLY public."AspNetUserTokens"
    ADD CONSTRAINT "PK_AspNetUserTokens" PRIMARY KEY ("UserId", "LoginProvider", "Name");


--
-- Name: AspNetUsers PK_AspNetUsers; Type: CONSTRAINT; Schema: public; Owner: postgres
--

ALTER TABLE ONLY public."AspNetUsers"
    ADD CONSTRAINT "PK_AspNetUsers" PRIMARY KEY ("Id");


--
-- Name: event PK_event; Type: CONSTRAINT; Schema: public; Owner: postgres
--

ALTER TABLE ONLY public.event
    ADD CONSTRAINT "PK_event" PRIMARY KEY ("EventID");


--
-- Name: eventRating PK_eventRating; Type: CONSTRAINT; Schema: public; Owner: postgres
--

ALTER TABLE ONLY public."eventRating"
    ADD CONSTRAINT "PK_eventRating" PRIMARY KEY ("EventRatingID");


--
-- Name: historyLocation PK_historyLocation; Type: CONSTRAINT; Schema: public; Owner: postgres
--

ALTER TABLE ONLY public."historyLocation"
    ADD CONSTRAINT "PK_historyLocation" PRIMARY KEY ("HistoryLocationID");


--
-- Name: item PK_item; Type: CONSTRAINT; Schema: public; Owner: postgres
--

ALTER TABLE ONLY public.item
    ADD CONSTRAINT "PK_item" PRIMARY KEY ("ItemID");


--
-- Name: location PK_location; Type: CONSTRAINT; Schema: public; Owner: postgres
--

ALTER TABLE ONLY public.location
    ADD CONSTRAINT "PK_location" PRIMARY KEY ("LocationID");


--
-- Name: EmailIndex; Type: INDEX; Schema: public; Owner: postgres
--

CREATE INDEX "EmailIndex" ON public."AspNetUsers" USING btree ("NormalizedEmail");


--
-- Name: IX_AspNetRoleClaims_RoleId; Type: INDEX; Schema: public; Owner: postgres
--

CREATE INDEX "IX_AspNetRoleClaims_RoleId" ON public."AspNetRoleClaims" USING btree ("RoleId");


--
-- Name: IX_AspNetUserClaims_UserId; Type: INDEX; Schema: public; Owner: postgres
--

CREATE INDEX "IX_AspNetUserClaims_UserId" ON public."AspNetUserClaims" USING btree ("UserId");


--
-- Name: IX_AspNetUserLogins_UserId; Type: INDEX; Schema: public; Owner: postgres
--

CREATE INDEX "IX_AspNetUserLogins_UserId" ON public."AspNetUserLogins" USING btree ("UserId");


--
-- Name: IX_AspNetUserRoles_RoleId; Type: INDEX; Schema: public; Owner: postgres
--

CREATE INDEX "IX_AspNetUserRoles_RoleId" ON public."AspNetUserRoles" USING btree ("RoleId");


--
-- Name: IX_eventRating_EventID; Type: INDEX; Schema: public; Owner: postgres
--

CREATE INDEX "IX_eventRating_EventID" ON public."eventRating" USING btree ("EventID");


--
-- Name: IX_eventRating_VisitorID; Type: INDEX; Schema: public; Owner: postgres
--

CREATE INDEX "IX_eventRating_VisitorID" ON public."eventRating" USING btree ("VisitorID");


--
-- Name: IX_event_BusinessPartnerID; Type: INDEX; Schema: public; Owner: postgres
--

CREATE INDEX "IX_event_BusinessPartnerID" ON public.event USING btree ("BusinessPartnerID");


--
-- Name: IX_historyLocation_LocationID; Type: INDEX; Schema: public; Owner: postgres
--

CREATE INDEX "IX_historyLocation_LocationID" ON public."historyLocation" USING btree ("LocationID");


--
-- Name: IX_historyLocation_VisitorID; Type: INDEX; Schema: public; Owner: postgres
--

CREATE INDEX "IX_historyLocation_VisitorID" ON public."historyLocation" USING btree ("VisitorID");


--
-- Name: IX_item_LocationID; Type: INDEX; Schema: public; Owner: postgres
--

CREATE INDEX "IX_item_LocationID" ON public.item USING btree ("LocationID");


--
-- Name: IX_location_EventID; Type: INDEX; Schema: public; Owner: postgres
--

CREATE INDEX "IX_location_EventID" ON public.location USING btree ("EventID");


--
-- Name: RoleNameIndex; Type: INDEX; Schema: public; Owner: postgres
--

CREATE UNIQUE INDEX "RoleNameIndex" ON public."AspNetRoles" USING btree ("NormalizedName");


--
-- Name: UserNameIndex; Type: INDEX; Schema: public; Owner: postgres
--

CREATE UNIQUE INDEX "UserNameIndex" ON public."AspNetUsers" USING btree ("NormalizedUserName");


--
-- Name: AspNetRoleClaims FK_AspNetRoleClaims_AspNetRoles_RoleId; Type: FK CONSTRAINT; Schema: public; Owner: postgres
--

ALTER TABLE ONLY public."AspNetRoleClaims"
    ADD CONSTRAINT "FK_AspNetRoleClaims_AspNetRoles_RoleId" FOREIGN KEY ("RoleId") REFERENCES public."AspNetRoles"("Id") ON DELETE CASCADE;


--
-- Name: AspNetUserClaims FK_AspNetUserClaims_AspNetUsers_UserId; Type: FK CONSTRAINT; Schema: public; Owner: postgres
--

ALTER TABLE ONLY public."AspNetUserClaims"
    ADD CONSTRAINT "FK_AspNetUserClaims_AspNetUsers_UserId" FOREIGN KEY ("UserId") REFERENCES public."AspNetUsers"("Id") ON DELETE CASCADE;


--
-- Name: AspNetUserLogins FK_AspNetUserLogins_AspNetUsers_UserId; Type: FK CONSTRAINT; Schema: public; Owner: postgres
--

ALTER TABLE ONLY public."AspNetUserLogins"
    ADD CONSTRAINT "FK_AspNetUserLogins_AspNetUsers_UserId" FOREIGN KEY ("UserId") REFERENCES public."AspNetUsers"("Id") ON DELETE CASCADE;


--
-- Name: AspNetUserRoles FK_AspNetUserRoles_AspNetRoles_RoleId; Type: FK CONSTRAINT; Schema: public; Owner: postgres
--

ALTER TABLE ONLY public."AspNetUserRoles"
    ADD CONSTRAINT "FK_AspNetUserRoles_AspNetRoles_RoleId" FOREIGN KEY ("RoleId") REFERENCES public."AspNetRoles"("Id") ON DELETE CASCADE;


--
-- Name: AspNetUserRoles FK_AspNetUserRoles_AspNetUsers_UserId; Type: FK CONSTRAINT; Schema: public; Owner: postgres
--

ALTER TABLE ONLY public."AspNetUserRoles"
    ADD CONSTRAINT "FK_AspNetUserRoles_AspNetUsers_UserId" FOREIGN KEY ("UserId") REFERENCES public."AspNetUsers"("Id") ON DELETE CASCADE;


--
-- Name: AspNetUserTokens FK_AspNetUserTokens_AspNetUsers_UserId; Type: FK CONSTRAINT; Schema: public; Owner: postgres
--

ALTER TABLE ONLY public."AspNetUserTokens"
    ADD CONSTRAINT "FK_AspNetUserTokens_AspNetUsers_UserId" FOREIGN KEY ("UserId") REFERENCES public."AspNetUsers"("Id") ON DELETE CASCADE;


--
-- Name: eventRating FK_eventRating_AspNetUsers_VisitorID; Type: FK CONSTRAINT; Schema: public; Owner: postgres
--

ALTER TABLE ONLY public."eventRating"
    ADD CONSTRAINT "FK_eventRating_AspNetUsers_VisitorID" FOREIGN KEY ("VisitorID") REFERENCES public."AspNetUsers"("Id") ON DELETE CASCADE;


--
-- Name: eventRating FK_eventRating_event_EventID; Type: FK CONSTRAINT; Schema: public; Owner: postgres
--

ALTER TABLE ONLY public."eventRating"
    ADD CONSTRAINT "FK_eventRating_event_EventID" FOREIGN KEY ("EventID") REFERENCES public.event("EventID") ON DELETE CASCADE;


--
-- Name: event FK_event_AspNetUsers_BusinessPartnerID; Type: FK CONSTRAINT; Schema: public; Owner: postgres
--

ALTER TABLE ONLY public.event
    ADD CONSTRAINT "FK_event_AspNetUsers_BusinessPartnerID" FOREIGN KEY ("BusinessPartnerID") REFERENCES public."AspNetUsers"("Id") ON DELETE CASCADE;


--
-- Name: historyLocation FK_historyLocation_AspNetUsers_VisitorID; Type: FK CONSTRAINT; Schema: public; Owner: postgres
--

ALTER TABLE ONLY public."historyLocation"
    ADD CONSTRAINT "FK_historyLocation_AspNetUsers_VisitorID" FOREIGN KEY ("VisitorID") REFERENCES public."AspNetUsers"("Id") ON DELETE CASCADE;


--
-- Name: historyLocation FK_historyLocation_location_LocationID; Type: FK CONSTRAINT; Schema: public; Owner: postgres
--

ALTER TABLE ONLY public."historyLocation"
    ADD CONSTRAINT "FK_historyLocation_location_LocationID" FOREIGN KEY ("LocationID") REFERENCES public.location("LocationID") ON DELETE CASCADE;


--
-- Name: item FK_item_location_LocationID; Type: FK CONSTRAINT; Schema: public; Owner: postgres
--

ALTER TABLE ONLY public.item
    ADD CONSTRAINT "FK_item_location_LocationID" FOREIGN KEY ("LocationID") REFERENCES public.location("LocationID") ON DELETE CASCADE;


--
-- Name: location FK_location_event_EventID; Type: FK CONSTRAINT; Schema: public; Owner: postgres
--

ALTER TABLE ONLY public.location
    ADD CONSTRAINT "FK_location_event_EventID" FOREIGN KEY ("EventID") REFERENCES public.event("EventID") ON DELETE CASCADE;


--
-- PostgreSQL database dump complete
--

